Size Mode,Dry Deposition (%),Impaction Scavenging (%),Nucleation Scavenging (%)
Aitken (Ins),93.6401,4.5946336,1.7652713
Aitken (Sol),77.274086,11.580904,11.145011
Accumulation (Ins),95.75774,4.2422695,0.0
Accumulation (Sol),38.79458,10.299656,50.905777
Coarse (Ins),88.89156,11.10844,0.0
Coarse (Sol),67.59069,13.617974,18.791325
Supercoarse (Ins),98.77709,1.2229096,0.0
Fibres,99.157745,0.8422627,0.0
Total,99.08458,0.91429234,0.0011268514
